{
  "info": {
    "name": "Prueba Desempeño SQL - John Santos",
    "schema": "https://schema.getpostman.com/json/collection/v2.1.0/collection.json"
  },
  "item": [
    {
      "name": "Carga Masiva",
      "item": [
        {
          "name": "GET /load-csv",
          "request": {
            "method": "GET",
            "url": {
              "raw": "http://localhost:3000/load-csv",
              "host": ["localhost"],
              "port": "3000",
              "path": ["load-csv"]
            }
          }
        }
      ]
    },
    {
      "name": "CRUD Customer",
      "item": [
        {
          "name": "POST /customers",
          "request": {
            "method": "POST",
            "header": [
              {
                "key": "Content-Type",
                "value": "application/json"
              }
            ],
            "body": {
              "mode": "raw",
              "raw": "{\n    \"full_name\": \"Maria Fernanda Torres\",\n    \"identification_number\": \"987654321\",\n    \"address\": \"Carrera 45 #23-15, Bogotá\",\n    \"phone\": \"3004567890\",\n    \"email\": \"maria.torres@example.com\"\n}"
            },
            "url": {
              "raw": "http://localhost:3000/customers",
              "host": ["localhost"],
              "port": "3000",
              "path": ["customers"]
            }
          }
        },
        {
          "name": "GET /customers",
          "request": {
            "method": "GET",
            "url": {
              "raw": "http://localhost:3000/customers",
              "host": ["localhost"],
              "port": "3000",
              "path": ["customers"]
            }
          }
        },
        {
          "name": "PUT /customers/:id",
          "request": {
            "method": "PUT",
            "header": [
              {
                "key": "Content-Type",
                "value": "application/json"
              }
            ],
            "body": {
              "mode": "raw",
              "raw": "{\n    \"full_name\": \"Maria Fernanda Torres Updated\",\n    \"identification_number\": \"987654321\",\n    \"address\": \"Carrera 45 #23-15, Bogotá\",\n    \"phone\": \"3004567890\",\n    \"email\": \"maria.torres.updated@example.com\"\n}"
            },
            "url": {
              "raw": "http://localhost:3000/customers/1",
              "host": ["localhost"],
              "port": "3000",
              "path": ["customers", "1"]
            }
          }
        },
        {
          "name": "DELETE /customers/:id",
          "request": {
            "method": "DELETE",
            "url": {
              "raw": "http://localhost:3000/customers/1",
              "host": ["localhost"],
              "port": "3000",
              "path": ["customers", "1"]
            }
          }
        }
      ]
    },
    {
      "name": "CRUD Platform",
      "item": [
        {
          "name": "POST /platforms",
          "request": {
            "method": "POST",
            "header": [
              {
                "key": "Content-Type",
                "value": "application/json"
              }
            ],
            "body": {
              "mode": "raw",
              "raw": "{\n    \"platform_name\": \"PSE\"\n}"
            },
            "url": {
              "raw": "http://localhost:3000/platforms",
              "host": ["localhost"],
              "port": "3000",
              "path": ["platforms"]
            }
          }
        },
        {
          "name": "GET /platforms",
          "request": {
            "method": "GET",
            "url": {
              "raw": "http://localhost:3000/platforms",
              "host": ["localhost"],
              "port": "3000",
              "path": ["platforms"]
            }
          }
        }
      ]
    },
    {
      "name": "CRUD Invoice",
      "item": [
        {
          "name": "POST /invoices",
          "request": {
            "method": "POST",
            "header": [
              {
                "key": "Content-Type",
                "value": "application/json"
              }
            ],
            "body": {
              "mode": "raw",
              "raw": "{\n    \"customer_id\": \"149186547\",\n    \"billing_period\": \"2024-08-01\",\n    \"billed_amount\": 150000\n}"
            },
            "url": {
              "raw": "http://localhost:3000/invoices",
              "host": ["localhost"],
              "port": "3000",
              "path": ["invoices"]
            }
          }
        },
        {
          "name": "GET /invoices",
          "request": {
            "method": "GET",
            "url": {
              "raw": "http://localhost:3000/invoices",
              "host": ["localhost"],
              "port": "3000",
              "path": ["invoices"]
            }
          }
        }
      ]
    },
    {
      "name": "CRUD Transaction",
      "item": [
        {
          "name": "POST /transactions",
          "request": {
            "method": "POST",
            "header": [
              {
                "key": "Content-Type",
                "value": "application/json"
              }
            ],
            "body": {
              "mode": "raw",
              "raw": "{\n    \"transaction_date\": \"2024-08-12 10:30:00\",\n    \"transaction_amount\": 75000,\n    \"transaction_status\": \"Completada\",\n    \"transaction_type\": \"Pago de Factura\",\n    \"platform_id\": 1,\n    \"invoice_id\": \"FAC7068\"\n}"
            },
            "url": {
              "raw": "http://localhost:3000/transactions",
              "host": ["localhost"],
              "port": "3000",
              "path": ["transactions"]
            }
          }
        },
        {
          "name": "GET /transactions",
          "request": {
            "method": "GET",
            "url": {
              "raw": "http://localhost:3000/transactions",
              "host": ["localhost"],
              "port": "3000",
              "path": ["transactions"]
            }
          }
        }
      ]
    },
    {
      "name": "Reportes",
      "item": [
        {
          "name": "GET /reports/total-paid-per-customer",
          "request": {
            "method": "GET",
            "url": {
              "raw": "http://localhost:3000/reports/total-paid-per-customer",
              "host": ["localhost"],
              "port": "3000",
              "path": ["reports", "total-paid-per-customer"]
            }
          }
        },
        {
          "name": "GET /reports/pending-invoices",
          "request": {
            "method": "GET",
            "url": {
              "raw": "http://localhost:3000/reports/pending-invoices",
              "host": ["localhost"],
              "port": "3000",
              "path": ["reports", "pending-invoices"]
            }
          }
        },
        {
          "name": "GET /reports/transactions-by-platform?platform=Nequi",
          "request": {
            "method": "GET",
            "url": {
              "raw": "http://localhost:3000/reports/transactions-by-platform?platform=Nequi",
              "host": ["localhost"],
              "port": "3000",
              "path": ["reports", "transactions-by-platform"],
              "query": [
                {
                  "key": "platform",
                  "value": "Nequi"
                }
              ]
            }
          }
        },
        {
          "name": "GET /reports/transactions-by-platform?platform=Daviplata",
          "request": {
            "method": "GET",
            "url": {
              "raw": "http://localhost:3000/reports/transactions-by-platform?platform=Daviplata",
              "host": ["localhost"],
              "port": "3000",
              "path": ["reports", "transactions-by-platform"],
              "query": [
                {
                  "key": "platform",
                  "value": "Daviplata"
                }
              ]
            }
          }
        }
      ]
    }
  ]
}